"country","iso2c","official_language","year","population","population_growth","fertility_rate","life_expectancy","urban_population","gdp","gdp_per_capita","unemployment","gdp_growth","gdp_deflator_growth","custumer_price_index","literacy_rate","electricity_access","internet_users","secondary_school_female","secondary_school_male","infant_mortality","maternal_mortality","poverty_rate","gini_index","dependency_ratio","mobile_users"
"Benin","BJ","French",2014,11030004,2.9550187594558,5.374,59.008,45.2880529235999,13284527846.9081,1204.39918670094,1.952,6.35767909791932,-0.247782653882282,109.497320123437,NA,34.1,6,43.0372085571289,61.8387413024902,58.3,605,NA,NA,87.0172121898555,78.517
"Benin","BJ","French",2015,11360681,2.95391627666724,5.32,59.123,45.9407403257663,11388160996.7738,1002.41886879614,1.886,1.77815106030278,0.85150426118021,109.736884846516,NA,29.6,11.255,46.0378799438477,63.9275817871094,57,606,65.8,47.6,86.6908725796141,82.0193
"Benin","BJ","French",2016,11697842,2.92460216679542,5.254,59.283,46.6094559006664,11821065853.3838,1010.5338961993,1.834,3.33967342629693,0.683591111274652,108.86633100536,NA,37,14.5,47.7052116394043,62.6323585510254,55.7,604,NA,NA,86.3703118821361,76.0182
"Benin","BJ","French",2017,12039780,2.88117869411855,5.155,59.528,47.2942774880391,12701655836.9467,1054.97408066814,1.691,5.67156195150444,-0.367897725119164,108.913431866169,38.8699989318848,34.5,18.7,NA,NA,54.4,592,NA,NA,85.9975863127993,72.8671
"Benin","BJ","French",2018,12383347,2.8136418840483,5.031,59.71,47.9952829275963,14262408089.9261,1151.7409703472,1.426,6.69725362180888,0.670447614217636,109.914532239727,NA,39,19,NA,NA,53.1,585,37.2,37.9,85.5069960528249,76.408
"Benin","BJ","French",2019,12726755,2.73538842831436,4.9,59.888,48.7125500590248,14391686313.4641,1130.82135339795,1.214,6.86568662848335,-0.39755379308734,110.720040198149,49,40,20.5,NA,NA,51.8,572,NA,NA,84.8779371019408,81.3235
"Benin","BJ","French",2020,13070169,2.66259875153288,4.795,60.154,49.4461567219896,15686741883.934,1200.19426557789,1.518,3.84879240030133,2.87803228859791,114.066798322144,NA,41,22.1206,39.4178810119629,48.4092483520508,50.4,578,NA,NA,84.1388233696318,85.2391
"Benin","BJ","French",2021,13413417,2.59230167510348,4.707,59.61,50.1961807561354,17687623530.3355,1318.65158075198,1.833,7.1554516457574,1.61872506665755,116.04419147224,43.8300018310547,42,28.2047,40.2546501159668,48.168830871582,49.1,584,27.2,34.4,83.3042640253888,94.9183
"Benin","BJ","French",2022,13759501,2.54740926342667,4.634,60.475,50.9627000010887,17425405090.862,1266.42711031904,1.685,6.25294705373625,4.13899447875367,117.611691618775,51.3800010681152,56.5,30.0134,40.2818489074707,46.7407608032227,47.7,547,NA,NA,82.425708214612,105.745
"Benin","BJ","French",2023,14111034,2.52274772277722,4.556,60.774,51.7457922964593,19673291004.1444,1394.17784721831,1.641,6.3527773854442,3.38561739537163,120.832723939286,NA,57,32.2083,NA,NA,46.4,518,NA,NA,81.5677814531873,116.036
"Benin","BJ","French",2024,14462724,2.46175361912328,NA,NA,52.5455354818423,21482643706.4249,1485.38018885134,1.637,7.45311566226201,1.57105014461685,122.235508364463,NA,NA,NA,NA,NA,NA,NA,NA,NA,80.7358613009806,NA
"Burkina Faso","BF","French",2014,18229461,2.9733794200807,5.595,58.331,25.3814155996643,13943016076.7436,764.861675106225,4.255,4.32684561452976,-0.620386925840478,106.975893599335,34.5999984741211,19.2,6,27.3772509415436,31.7041297662827,58,344,58.7,35.3,93.0770765719936,68.5396
"Burkina Faso","BF","French",2015,18777487,2.96196306547686,5.478,58.778,25.621432645225,11832159315.6298,630.124750752312,4.472,3.9212287937935,-2.22395417919314,107.751296576491,NA,16.2,6.55,31.3499100869596,34.3978786694181,56.3,328,NA,NA,92.6016404511831,76.9373
"Burkina Faso","BF","French",2016,19334856,2.92508251378454,5.331,59.173,25.821510372001,12833363045.3367,663.742364842886,4.598,5.95797670754024,2.60429919226561,108.226524455215,NA,16.6,7.14,33.8377858408122,36.0014053118965,54.7,313,NA,NA,91.9492118557294,79.6698
"Burkina Faso","BF","French",2017,19894407,2.85291595529266,5.17,59.578,25.9769918665632,14106955615.3442,709.091535894695,4.662,6.20348941121868,1.41629727998107,109.831522699898,NA,17,7.79,36.4337512769058,37.8724301076354,53.1,298,NA,NA,91.1388757797584,90.2081
"Burkina Faso","BF","French",2018,20438288,2.69713675384815,4.921,59.972,26.0832202154822,15890066221.2882,777.465618514048,4.695,6.60456906812341,1.07396688968345,111.979764709293,39.3499984741211,14.4,8.5,39.4315297671845,39.8188537372097,51.6,286,47.7,43,90.1476828833865,94.622
"Burkina Faso","BF","French",2019,20961952,2.52989803984158,4.681,60.184,26.1187254401157,16032813503.3707,764.853077774946,4.493,5.88920497068135,0.51290051556127,108.359022934412,29.6599998474121,17.6,9.27181,40.517531621348,39.6485165458904,50.2,274,NA,NA,88.9000632341781,97.1499
"Burkina Faso","BF","French",2020,21478690,2.43522959287393,4.44,60.454,26.3578373628627,17725010532.5268,825.237038782475,4.59,2.01077262406221,6.46559578788029,110.401266160449,NA,18.5,10.7927,40.2090461523707,38.3248352633681,48.7,334,NA,NA,87.320571617249,102.973
"Burkina Faso","BF","French",2021,21995243,2.37649218888363,4.361,60.046,26.8114307743017,19697516284.3787,895.535288442991,4.511,6.94252492572348,0.112863112943955,114.434519867232,36.9700012207031,19,12.5631,40.1334643135395,36.2170395530854,47.3,354,42.1,37.4,85.5143844798844,112.198
"Burkina Faso","BF","French",2022,22509038,2.30907147387783,4.275,60.7,27.2791369742712,18622421394.6133,827.330843486661,3.828,1.62673258211919,4.64258435284958,130.787482169834,40.9199981689453,19.5,14.6238,36.1300743115017,31.1818084414586,46.1,316,NA,NA,83.6984976476855,119.463
"Burkina Faso","BF","French",2023,23025776,2.26973666268599,4.186,61.092,27.7872478365158,20112614449.2039,873.482589651003,3.601,3.00027415814125,1.96648133830102,131.759116014268,41.442033530681,21.7,17.0226,33.6455886002101,28.1419290919218,44.8,242,NA,NA,81.8908186351026,NA
"Burkina Faso","BF","French",2024,23548781,2.24597728439097,NA,NA,28.3352514896662,23124729853.0218,981.992649769081,3.441,4.79980951667159,9.6697648715818,137.280899728477,NA,NA,NA,33.2389182465594,26.8320981011258,NA,NA,NA,NA,80.0303169928442,NA
"Cabo Verde","CV","Portuguese",2014,512326,0.0197159536864678,2.031,73.788,65.8085112712742,2041930125.42979,3985.60706548134,11.689,0.696666840118581,-0.100319979407018,108.48221067765,NA,85.3,40.26,104.643058776855,87.2110214233398,19,48,NA,NA,52.0485295994349,119.724
"Cabo Verde","CV","Portuguese",2015,512394,0.0132719182020122,1.968,74.096,66.9045094767116,1749857620.35329,3415.06266730931,11.923,0.936026507808833,1.62040755881043,108.624526319136,86.7900009155273,86.4,42.683,105.428949752596,88.4829840415305,17.6,46,14.6,42.4,51.3482379420652,119.336
"Cabo Verde","CV","Portuguese",2016,512554,0.0312210963482392,1.966,74.35,68.0354078358316,1849789985.99572,3608.96605234906,12.085,4.28071482662371,1.67992479299215,107.095292454784,NA,87.5,50.3228,107.346835625835,89.9342822231763,16.2,44,NA,NA,51.1040488670601,117.442
"Cabo Verde","CV","Portuguese",2017,512893,0.0661175101881539,1.93,74.71,69.1999988159713,1996741539.95088,3893.09571382506,12.24,4.5513148102974,1.2969136763507,107.935364262011,NA,88.6,57.1621,108.513703183866,91.2121212121212,15,43,NA,NA,51.2276170341999,119.374
"Cabo Verde","CV","Portuguese",2018,513415,0.101723857752759,1.804,74.84,70.3970748844677,2205099506.99994,4294.96510035729,12.17,3.70696458310842,1.70417119144814,109.292107113842,NA,90.2,59.5,104.00895690918,86.6039276123047,14,43,NA,NA,51.5437291537531,118.876
"Cabo Verde","CV","Portuguese",2019,514104,0.134109462358547,1.698,75.449,71.6254285086577,2252177124.32402,4380.78117331128,12.123,6.94782634051859,0.694871191088424,110.501606515952,NA,91.4,61.9434,103.593505622998,87.7090983272134,13.2,41,NA,NA,51.9520708887398,115.868
"Cabo Verde","CV","Portuguese",2020,514679,0.11178257414313,1.591,73.818,72.8838521558784,1821565613.68613,3539.22661248299,14.65,-20.8052758990735,0.366160426431094,111.171020616435,NA,93.7,69.3734,106.038487060385,91.2110234620984,12.5,56,NA,NA,52.3882134884024,105.839
"Cabo Verde","CV","Portuguese",2021,516649,0.38203217521266,1.554,74.424,74.1607930892827,2051842618.70539,3971.44409203423,13.932,7.03353010694514,1.34990112558344,113.241195084123,NA,95.5,70.2825,104.706914193831,89.9063405430901,12,56,NA,NA,51.8097353713792,114.231
"Cabo Verde","CV","Portuguese",2022,519741,0.596688345869947,1.533,75.907,75.033738060849,2247003344.34242,4323.31362032709,12.239,15.843675684642,6.34319040438669,122.222274152969,NA,97.1,72.7601,103.582593697222,89.8130903285885,11.5,42,NA,NA,50.3832343299258,113.247
"Cabo Verde","CV","Portuguese",2023,522331,0.497087597239901,1.522,76.059,75.9064245753376,2504525548.71164,4794.90121917259,11.882,4.7947613911073,3.25900393210172,126.774290191905,NA,98.6,73.539,NA,NA,11,40,NA,NA,49.1432552588223,113.023
"Cabo Verde","CV","Portuguese",2024,524877,0.486246288487151,NA,NA,76.7721471004354,2725414150.72735,5192.48157325878,11.883,7.24388538990945,1.58607365048671,128.103100283253,88.4700012207031,NA,NA,NA,NA,NA,NA,NA,NA,47.9410239354206,NA
"Cote d'Ivoire","CI","French",2014,24527395,2.42493545476417,5.071,57.772,49.0173144557368,48843005613.7091,1991.36539423404,3.274,9.37199994240375,4.40733235572075,109.513495413212,43.9099998474121,61.9,10,34.3625665088411,46.1618002550321,60.8,522,NA,NA,80.4412739579991,90.122
"Cote d'Ivoire","CI","French",2015,25246342,2.88906178023194,4.97,58.281,49.4694894689553,45815005169.2651,1814.71855088017,2.573,7.19494942728191,4.77568237270827,110.884056313105,NA,62.6,38.44,37.982068610823,49.5187480100904,59,505,47.5,41.5,80.9740668521161,100.639
"Cote d'Ivoire","CI","French",2016,25989405,2.90076810314127,4.873,58.814,49.929991034032,48407761036.8238,1862.59597081287,1.896,7.17275963956332,-1.17983243565696,111.685945921178,50.0400009155273,64.3,41.2078,40.5872787120579,51.4094392983031,57.4,488,NA,NA,81.3061920795773,105.625
"Cote d'Ivoire","CI","French",2017,26733372,2.82237176165589,4.757,59.315,50.3977309654344,52512343996.69,1964.29930338343,3.272,7.41076242592504,-1.04167724817084,112.451978676858,NA,65.6,43.8399,43.9337901584799,53.7892131041322,55.8,465,NA,NA,81.458213233402,118.755
"Cote d'Ivoire","CI","French",2018,27464173,2.69696827034562,4.596,59.795,50.8718477756395,58522477786.6889,2130.86619381144,2.852,4.84314605889178,1.68197647173226,112.903246012758,NA,67.1,37.5465,46.3947128556196,55.3669343805057,54.1,449,22.7,37.2,81.3702001736161,123.098
"Cote d'Ivoire","CI","French",2019,28193009,2.61916841176218,4.523,60.274,51.3514799771241,60382894697.3557,2141.76836170115,2.401,6.72137167584978,1.98335249260808,113.796147557137,56.9804529419494,68.6,36.289,49.4831223999723,57.7800163615046,52.3,429,NA,NA,81.1143931066958,132.574
"Cote d'Ivoire","CI","French",2020,28915449,2.53019803537112,4.461,60.14,51.8357660823651,63027852805.4204,2179.72934832935,2.588,0.699728593494228,1.82838309372076,116.541509399556,NA,69.9,36.0166,51.9265625097734,58.7131433464268,50.9,447,NA,NA,80.7556512847236,138.664
"Cote d'Ivoire","CI","French",2021,29639736,2.47398737434864,4.411,60.29,52.3183461956059,72794636653.7793,2455.98127641148,2.623,7.06332910205232,3.93013137544369,121.388699871755,50,71.1,35.9507,54.4109890656109,59.6946799108889,49.2,459,20.9,35.3,80.1393004625197,150.344
"Cote d'Ivoire","CI","French",2022,30395002,2.51622934953513,4.349,61.562,52.8492549676673,70922824813.9102,2333.37128301259,2.31,6.39988362720531,3.00000062873427,127.74161214938,NA,72,38.4133,52.166846663702,55.8707330481648,47.9,409,NA,NA,79.1970017771129,161.232
"Cote d'Ivoire","CI","French",2023,31165654,2.50384681190665,4.283,61.944,53.4075201638704,80780312569.1646,2591.9659048119,2.263,6.60000045223954,3.90243671754979,133.323566179512,NA,72.4,40.6528,63.094766197367,64.7826667771849,46.6,359,NA,NA,78.0774744464329,171.989
"Cote d'Ivoire","CI","French",2024,31934230,2.43618201263834,NA,NA,53.9733113940142,87113179149.284,2727.8935220697,2.273,6.01953461940062,1.67910309813561,137.923936202659,NA,NA,NA,64.4785040152839,66.0933555862161,NA,NA,NA,NA,76.9295481519821,NA
"Gambia, The","GM","English",2014,2164528,2.84475839442236,5.197,62.576,58.6141799655551,1229461721.40861,568.00453558864,8.191,-1.40738249510954,5.21172310682789,122.349573755068,NA,53,15.56,NA,NA,45.2,561,NA,NA,86.4831870148444,105.505
"Gambia, The","GM","English",2015,2224529,2.73428839872651,5.003,62.971,59.2458499408388,1378176608.93204,619.536364296461,7.226,4.0580738039996,9.72036242675256,130.679689360556,50.7799987792969,54.7,17.6,NA,NA,43.8,527,17.1,35.9,85.7554289646096,122.079
"Gambia, The","GM","English",2016,2283769,2.62819405087404,4.809,63.386,59.8652472486563,1484578885.97132,650.056501323611,6.244,1.94335965478776,7.82062274860979,140.126253232327,NA,56.4,19.9,NA,NA,42.3,490,NA,NA,85.0043055925719,124.274
"Gambia, The","GM","English",2017,2342189,2.52588138504562,4.614,63.708,60.471712657237,1504909462.69521,642.522641296331,5.097,4.8226112492757,3.92171862000133,151.384262300215,NA,56.2,22.5,NA,NA,41,469,NA,NA,84.1843109963001,126.634
"Gambia, The","GM","English",2018,2399632,2.42294300881827,4.42,64.034,61.0645869348107,1670671327.81651,696.219806960615,4.055,7.23489033258579,6.95176403794258,161.255981964361,53.1599998474121,60.3,28.3,NA,NA,39.7,450,NA,NA,83.2704899189591,132.578
"Gambia, The","GM","English",2019,2456844,2.35622071960344,4.33,64.427,61.643210849607,1813609692.49994,738.186751987483,4.481,6.22205315994859,6.25220639943007,172.730435584882,NA,62.1,31.1183,NA,NA,38.4,422,NA,NA,82.281039268218,105.205
"Gambia, The","GM","English",2020,2515733,2.3686612920428,4.248,64.418,62.2069251698555,1812170891.19069,720.335143352133,5.84,0.591487287873974,2.18875895856547,182.975555086968,NA,62.2,34.2172,NA,NA,37.2,400,22,38.8,81.1932945603832,106.448
"Gambia, The","GM","English",2021,2576010,2.36774778418782,4.165,63.847,62.7550706637859,2014158842.14596,781.890925169531,6.213,5.25596878816744,7.3821228563862,196.461489499352,51.6399993896484,63.7,37.6247,116.372766553778,97.8415325635316,36,420,NA,NA,80.002725185959,108.847
"Gambia, The","GM","English",2022,2636470,2.31992109797091,4.078,64.859,63.2869880996278,2204734527.88096,836.244875868476,6.067,5.49299823010114,8.81707580376896,219.080336221032,NA,65.4,44.0389,NA,NA,34.9,365,NA,NA,78.8082209990315,106.782
"Gambia, The","GM","English",2023,2697845,2.30124049704572,4.006,65.86,63.8020182456108,2382262184.68273,883.024111719809,6.479,5.9167957146697,13.7191839595177,256.267499051756,NA,66.9,45.9137,NA,NA,33.8,354,NA,NA,77.6473477794781,NA
"Gambia, The","GM","English",2024,2759988,2.27730257212036,NA,NA,64.2994103409645,2404888749.21907,871.340291776294,6.48,5.55126069510321,5.79689362907251,285.894721181442,NA,NA,NA,NA,NA,NA,NA,NA,NA,76.4484982313518,NA
"Ghana","GH","English",2014,28041592,2.36498553072391,4.029,62.832,53.0663398797148,54678533805.9064,1949.90832923846,4.403,2.85624016330883,23.9399587593999,155.904739308264,NA,78.3,19,61.2572744110292,66.6332610831714,39.1,317,NA,NA,72.7330535019516,108.27
"Ghana","GH","English",2015,28696068,2.30712733064921,3.982,63.175,53.6226415210752,49436806230.4839,1722.77282833606,6.806,2.12075933817334,13.2529666807363,182.642354549914,60.2198906165104,74,23,64.5307806759859,69.5130104171155,37.7,310,NA,NA,72.3116450715179,121.997
"Ghana","GH","English",2016,29356742,2.27621203911157,3.873,63.522,54.167052758274,56144179397.8516,1912.47991339951,5.256,3.37346574966936,15.7486203078991,214.521910357024,NA,79.3,28,65.3783920673892,69.1109457945658,36.4,296,39,43.5,71.7313257725725,130.481
"Ghana","GH","English",2017,30008354,2.19535792776401,3.715,63.829,54.6991419779128,60385409434.8567,2012.28662641265,3.369,8.12889488100956,10.6773082339139,241.062392815469,64.4899978637695,79,37.8842,64.9647509332356,68.2728528207495,35.1,287,NA,NA,71.0007408539075,122.472
"Ghana","GH","English",2018,30637585,2.07517136640112,3.65,64.138,55.218477566593,67259353965.6087,2195.32166016377,3.204,6.20007768127284,10.5684824952629,259.886388974227,NA,80.4,43,66.9166894213064,69.5016638510577,33.9,276,NA,NA,70.2220127738796,133.61
"Ghana","GH","English",2019,31258945,2.00780519953703,3.593,64.455,55.7246279109161,68352629246.1555,2186.65822682613,3.067,6.5077747939152,8.48107029698721,278.45173709811,NA,83.5,22.0732,70.2943846951293,72.0635375487674,32.6,260,NA,NA,69.4561926050096,130.705
"Ghana","GH","English",2020,31887809,1.99181985149439,3.541,64.309,56.2171613974837,70008243859.8666,2195.45481659987,3.178,0.513941670628171,9.36557496583738,305.983066637367,NA,85.4,62.5176,73.2758030599046,74.7306318977121,31.4,253,NA,NA,68.6146228058037,126.887
"Ghana","GH","English",2021,32518665,1.95904584379494,3.492,64.286,56.6952556826536,79514204730.3979,2445.18662529344,3.2,5.07646643533542,12.1061016311773,336.492909542398,76.4899978637695,86.3,68.6,75.6377570946198,76.7686284422476,30.2,264,NA,NA,67.736408434496,124.403
"Ghana","GH","English",2022,33149152,1.92029034344132,3.434,65.246,57.250609602871,73919003209.9866,2229.89122647803,2.87,3.80484980952164,28.183872813714,441.666780384402,NA,85.1,69.3607,77.9574778013858,77.6788181216137,29.2,239,NA,NA,66.9188069536881,120.803
"Ghana","GH","English",2023,33787914,1.90860289687983,3.397,65.498,57.8074737774654,80547146878.3843,2383.90410483418,2.829,3.14009099763754,40.1057981965589,609.972588583069,NA,89.5,69.9445,NA,NA,28.2,234,NA,NA,66.1425812587668,98.8059
"Ghana","GH","English",2024,34427414,1.87500010333119,NA,NA,58.3654868038581,82308110386.4641,2390.77237652715,2.82,5.59045469593266,24.6963587172124,749.341127038871,NA,NA,NA,NA,NA,NA,NA,NA,NA,65.3615857268255,NA
"Guinea-Bissau","GW","Portuguese",2014,1741122,2.62731155689981,4.79,59.476,41.7271995544434,1135250721.0374,652.022501029449,3.285,0.964525745841428,1.2975573716642,106.940486169321,NA,17.2,3.32,NA,NA,57.2,662,NA,NA,82.7321224104691,63.6542
"Guinea-Bissau","GW","Portuguese",2015,1786457,2.57045957815277,4.661,60.071,42.1568145751953,1152384166.79638,645.066837207039,3.168,6.1340893623123,14.5196628984565,108.519698239732,NA,20.1,6.1,NA,NA,55.3,631,NA,NA,82.028063446907,69.3268
"Guinea-Bissau","GW","Portuguese",2016,1831893,2.51155296505032,4.519,60.619,42.586109161377,1245074264.10396,679.665386626818,3.139,5.4326782650304,2.71774539339231,110.150880134116,NA,22.9,13.8,NA,NA,53.4,617,NA,NA,81.2544895782418,70.1916
"Guinea-Bissau","GW","Portuguese",2017,1877072,2.4363257519627,4.347,61.148,43.0155792236328,1469978606.12143,783.123186602022,3.089,4.66367943913264,10.528296464536,112.013657770165,NA,26,14.8,NA,NA,51.7,597,NA,NA,80.3631723483211,76.4394
"Guinea-Bissau","GW","Portuguese",2018,1922168,2.37405997248475,4.241,61.652,43.4449081420898,1554133593.91699,808.531613218504,3.127,3.76145359637003,-2.53156124592356,112.440793517742,NA,28.4,15.7,NA,NA,50,585,37.1,34.8,79.3500481926137,77.0219
"Guinea-Bissau","GW","Portuguese",2019,1967696,2.34095994762157,4.153,62.161,43.8745574951172,1596227316.34846,811.216425885129,2.413,5.32749571119344,2.86179330406695,112.718072816065,54.8800010681152,30.9,17.9215,NA,NA,48.3,598,NA,NA,78.2909872123504,80.8245
"Guinea-Bissau","GW","Portuguese",2020,2013255,2.28895000835492,4.075,61.343,44.3038330078125,1705057581.09946,846.915855715971,2.887,2.89139814952995,1.98676287811436,114.003069434827,NA,33.4,20.4573,NA,NA,47,603,NA,NA,77.1805719224165,95.0629
"Guinea-Bissau","GW","Portuguese",2021,2058841,2.23903878745423,3.998,61.653,44.7334136962891,1908094558.33981,926.780921081233,3.016,5.05055831244401,2.63082672153121,116.559575493745,NA,35.8,23.3519,NA,NA,45.7,617,39.9,33.4,76.0215209126125,108.63
"Guinea-Bissau","GW","Portuguese",2022,2105529,2.24235388639993,3.911,63.605,45.1627159118652,1859601384.05928,883.199131457831,2.666,5.52987253058352,3.88104079078025,127.505404715915,63.9300003051758,37.4,27.5672,NA,NA,44.3,539,NA,NA,74.8100197016606,125.935
"Guinea-Bissau","GW","Portuguese",2023,2153339,2.24529187264064,3.836,64.085,45.5923843383789,2127688181.12014,988.087886357022,2.632,5.82749502627256,5.13638471744318,136.561105409253,NA,40.5,32.4661,NA,NA,43.1,505,NA,NA,73.5656689085059,128.111
"Guinea-Bissau","GW","Portuguese",2024,2201352,2.20520563612008,NA,NA,46.113204421822,2218393804.54798,1007.74151728028,2.647,4.14631137217332,0.0751007093149383,141.7033933908,NA,NA,NA,NA,NA,NA,NA,NA,NA,72.3477499737723,NA
"Guinea","GN","French",2014,11472924,2.48019346390261,5.07,57.581,34.8177920826682,8778473372.82124,765.146999389279,5.044,3.69655311664086,2.6158977058997,166.026332763198,32,33.5,6.4,30.6022090911865,46.2846984863281,72.2,664,NA,NA,88.9330882934155,75.6869
"Guinea","GN","French",2015,11767070,2.53151277572433,5.002,57.899,35.0373191833496,8794201742.84609,747.356966759448,5.15,3.82591056949435,2.9722848994975,185.584371739381,NA,34.9,9.2,NA,NA,71.6,642,NA,NA,87.9946472888639,91.4756
"Guinea","GN","French",2016,12073030,2.56690869267138,4.915,58.49,35.3100280761719,8595955222.49719,711.996509782316,4.997,10.82062719659,5.66895163278967,200.751590655302,NA,33.5,13.1,NA,NA,70.2,606,NA,NA,87.1231739532877,92.0233
"Guinea","GN","French",2017,12385659,2.55652318226129,4.793,58.715,35.5827331542969,10324668271.1362,833.598621691121,4.86,10.3000053427355,10.3565072127234,218.647309106389,NA,35.4,18.7,NA,NA,69.4,582,NA,NA,86.3451129475656,94.4641
"Guinea","GN","French",2018,12704774,2.54385572881799,4.669,59.043,35.8554382324219,11857030366.7891,933.273615633705,4.835,6.35849192736715,7.05908442039132,240.135129253703,39.6199989318848,45,21.83,NA,NA,68.5,560,11.7,29.6,85.5693018365772,94.555
"Guinea","GN","French",2019,13034346,2.56100451729991,4.576,59.379,36.1281547546387,13442861496.4454,1031.34146480732,5.018,5.61691446889876,9.40290766328131,262.875950950144,NA,42.2,22.6255,NA,NA,67.4,548,NA,NA,84.7162617278037,98.7621
"Guinea","GN","French",2020,13371183,2.55139953603925,4.489,59.35,36.4802208060551,14088693742.9464,1053.66097696415,6.007,4.70459096113575,4.24998016732003,290.745061231669,NA,44.7,23.4499,NA,NA,66,528,NA,NA,83.7865279487499,103.17
"Guinea","GN","French",2021,13710513,2.50610419423246,4.399,59.373,36.8502178436256,17069115737.8259,1244.96550477914,5.815,5.5823328114905,11.9862978624966,327.371054687123,NA,46.8,24.3044,NA,NA,64.6,533,NA,NA,82.8185160092224,100.616
"Guinea","GN","French",2022,14055137,2.48250409145397,4.303,60.432,37.2384967469106,19910452541.9219,1416.59612011764,5.174,3.97240784200721,2.80558292389495,361.722233672476,NA,47.7,24.6954,NA,NA,63.1,500,NA,NA,81.8207431951781,108.885
"Guinea","GN","French",2023,14405468,2.46199049961035,4.217,60.74,37.6454083954705,22407615556.0571,1555.49375806861,5.141,5.54172668627702,6.09250536857687,389.954566905293,NA,51.1,26.5014,NA,NA,61.5,494,NA,NA,80.7795140106788,NA
"Guinea","GN","French",2024,14754785,2.39595802290484,NA,NA,38.0713036688655,25008678293.4084,1694.95375862193,5.132,5.35004659051708,6.81449404282775,421.631118994785,NA,NA,NA,NA,NA,NA,NA,NA,NA,79.7147834280458,NA
"Liberia","LR","English",2014,4564293,2.08217532534285,4.622,59.21,50.2198153156642,3225652000,706.714490064507,2.079,0.701393100287518,0.817921326764434,136.976961508543,NA,9.4,5.41,31.7852096557617,41.7034912109375,66.5,801,31.7,33.2,84.1039806098194,70.6628
"Liberia","LR","English",2015,4659431,2.06297096669961,4.523,59.248,50.7434382961363,3227075700,692.590082351257,2.557,-0.0185649695590939,0.062713425558087,147.590891046088,NA,15.2,10,31.3665904998779,41.3180885314941,63.3,784,NA,NA,83.7696225636705,78.3787
"Liberia","LR","English",2016,4755608,2.04312155500225,4.461,60.483,51.2687310234384,3398419600,714.613063145659,3.081,-1.5549586174878,6.97295697153928,160.629437395093,NA,17.7,15.7,NA,NA,61.8,690,33.6,35.3,83.3156979543346,65.5437
"Liberia","LR","English",2017,4848925,1.94324776688719,4.396,60.777,51.7957569553849,3390703400,699.269095727404,3.067,2.45515592012239,-2.61793415299387,180.579023030836,NA,24.2,16.3,NA,NA,60.6,703,NA,NA,82.886996416506,54.8575
"Liberia","LR","English",2018,4944726,1.95645231379837,4.336,60.999,52.3245795497906,3422754800,692.203127129794,3.058,1.15757512207355,-0.209872797387817,223.129788020628,NA,22.8,17.2777,NA,NA,59.4,707,NA,NA,82.3273555911586,NA
"Liberia","LR","English",2019,5043721,1.98225492944197,4.257,61.232,52.85526226447,3319596500,658.164180770507,3.071,-2.46729763532686,-0.560426634044902,283.299582540638,NA,23.1,18.3141,NA,NA,58.2,689,NA,NA,81.5780596641484,38.4042
"Liberia","LR","English",2020,5149463,2.07483340649162,4.174,61.267,53.3878685572381,3176126300,616.787867006715,4.102,-2.98249127649473,-1.38060188980627,331.335078273269,NA,27.6,19.4126,37.0220985412598,38.4472198486328,56.8,664,NA,NA,80.4992463808756,32.1004
"Liberia","LR","English",2021,5259323,2.11098738475006,4.089,61.166,53.9224618859098,3513049500,667.96610514319,3.844,4.98671283481617,5.35427604467455,357.230882302137,NA,29.8,20.5771,NA,NA,55.4,667,NA,NA,79.1758281816491,31.4299
"Liberia","LR","English",2022,5373294,2.14388170425267,4.016,61.934,54.4591057083,4001047000,744.617175237387,2.956,4.80810517290655,8.66620854081535,384.355369130599,NA,31.8,21.8966,NA,NA,53.9,634,NA,NA,77.7355487371643,32.0639
"Liberia","LR","English",2023,5493031,2.20390696065654,3.95,62.163,54.997863482224,4.39e+09,799.194470229642,2.905,4.68375688761311,4.8121348688661,423.153943398049,NA,32.5,23.4979,NA,NA,52.6,628,NA,NA,76.2870435714976,NA
"Liberia","LR","English",2024,5612817,2.15725346515291,NA,NA,55.5387986654968,4779300900,851.497723870206,2.914,4.02185464964835,4.6586819825385,457.915931483508,NA,NA,NA,NA,NA,NA,NA,NA,NA,74.930982144805,NA
"Mali","ML","French",2014,18020267,3.16065691731413,6.441,57.482,25.2656728660325,17081681993.1695,947.915033288325,1.476,6.50263878409685,1.82208435016761,108.730743142029,NA,34.2,7,35.12660954853,47.1728207653658,70.8,507,NA,NA,102.530025586738,130.44
"Mali","ML","French",2015,18593022,3.1289280097663,6.385,57.852,25.847015486705,15583181170.4105,838.11986940103,1.404,6.23887890197454,2.81854906658864,110.30808978607,33.0699996948242,37.6,10.33,34.4988647258526,43.3540541375738,69.4,490,NA,NA,102.527919857724,122.083
"Mali","ML","French",2016,19191289,3.16701291267986,6.319,58.286,26.4468586077195,16743796799.8329,872.468587171653,1.367,6.00506308559498,1.60005889699406,108.322933479343,NA,38.8,14,34.1917935715776,45.8447951692555,68,472,NA,NA,102.313780775536,105.348
"Mali","ML","French",2017,19813011,3.18823649379751,6.251,58.562,27.0646702892896,18308362040.0521,924.057531692284,1.498,5.37554769639952,1.67388511030441,110.229262671784,NA,34.8,18.9,34.447973185326,42.5371600436197,66.6,453,NA,NA,101.88009329702,111.21
"Mali","ML","French",2018,20442030,3.1254232369578,6.118,58.873,27.6999185916288,20368015381.2413,996.379292136901,1.62,4.86784999991505,1.47979493682018,110.559450578237,35.4700012207031,50.9,21.4,34.2633935963908,41.6029482009515,65.1,434,29.4,36,101.280425994696,107.404
"Mali","ML","French",2019,21068405,3.01814494306617,5.892,59.217,28.3520715749509,20477421884.5414,971.949318638092,3.29,4.99999911608818,1.00124513753603,108.726079750895,NA,47.9,24.9603,NA,NA,63.7,416,NA,NA,100.416568884451,108.815
"Mali","ML","French",2020,21713836,3.01751361469378,5.85,58.858,29.0205972994693,20698560938.7775,953.242943290974,3.528,-1.16910834828603,0.473313577919129,109.202396681528,NA,50.6,29.113,NA,NA,62.1,405,NA,NA,99.2426538469197,116.587
"Mali","ML","French",2021,22388630,3.06035796580474,5.779,59.116,29.7049638253978,22999245262.6719,1027.27345365357,4.006,3.10094124444834,3.83078832119482,113.489249057224,NA,53.4,33.9565,NA,NA,60.5,415,36.1,35.7,97.9663657641359,108.693
"Mali","ML","French",2022,23072640,3.00942592606239,5.692,60.035,30.4015705681899,22539987718.7642,976.914116406452,2.387,3.70319027595568,6.30157800298181,124.408590014187,NA,53,34.3797,NA,NA,59,381,NA,NA,96.7585373584825,112.12
"Mali","ML","French",2023,23769127,2.97400537620334,5.614,60.439,31.0031889023235,24813860598.5307,1043.9533853528,2.947,4.72541109080376,2.22380071498729,126.969916905326,NA,54.5,35.0921,37.1307560416794,40.7018538312237,57.6,367,NA,NA,95.5627428168982,NA
"Mali","ML","French",2024,24478595,2.94115084753028,NA,NA,31.6075621182225,26794747239.8805,1094.61949265799,2.924,4.99226917482922,2.81045247894083,131.041078595453,NA,NA,NA,NA,NA,NA,NA,NA,NA,94.2739621678949,NA
"Niger","NE","French",2014,19215909,3.6892808045974,7.342,58.693,16.2450424611665,10862943543.5419,565.30989731175,0.524,6.64213665495603,-0.40567684540504,104.802334182625,28.9700293064531,15.7,1.24868,15.0409626668381,20.5439924957177,69.1,497,60.3,34.3,107.29012934659,42.8624
"Niger","NE","French",2015,19939498,3.69640590007582,7.215,58.85,16.3035606587493,9683867926.44282,485.662574175279,0.556,4.39264883207291,2.249426436212,104.198578028039,NA,16.6,2.47622,16.6576291122559,22.612043645463,69.3,473,NA,NA,106.76550873684,44.9309
"Niger","NE","French",2016,20685753,3.67426137513091,7.043,59.228,16.3898280543236,10398861981.7583,502.706475406446,0.55,5.74089315058157,1.79272146557585,105.921907081479,NA,17,4.32276,19.4438558469203,25.7754858740215,69.3,450,NA,NA,106.063782914591,36.1205
"Niger","NE","French",2017,21435446,3.56007044831691,6.874,59.524,16.5036987906896,11185104251.6943,521.804130023434,0.556,5.00536078615544,0.368276728970102,108.883878892078,NA,17.6,10.2243,20.3042793946679,27.0900414017536,69.4,433,NA,NA,105.292342759729,40.955
"Niger","NE","French",2018,22188069,3.45088050525461,6.706,59.765,16.6449011799221,12837307496.8821,578.568035680892,0.536,7.21141802762897,2.40368624331715,112.115120867278,33.0499992370605,17.6,NA,NA,NA,69.4,420,59,37.3,104.411348645466,NA
"Niger","NE","French",2019,22947757,3.36654855482346,6.537,60.031,16.813146499685,12889555561.2299,561.691304349698,0.531,5.93985257123522,-0.0243827627404585,109.323686827592,NA,18.5,16.6119,NA,NA,69.5,406,NA,NA,103.388518016932,52.8113
"Niger","NE","French",2020,23717613,3.29977391625444,6.369,59.89,17.0081420003794,13744653103.058,579.512495758236,0.591,3.55064109436891,1.16297974177712,112.492099097718,NA,18.7,17.0375,NA,NA,69.4,388,NA,NA,102.206558256442,60.0356
"Niger","NE","French",2021,24502140,3.25425239869281,6.2,59.542,17.2295936666686,14915002436.069,608.722439593808,0.806,1.38359636198477,3.11864597184903,116.809397403471,NA,18.6,17.474,NA,NA,69,396,60.5,32.9,100.876178117822,61.5063
"Niger","NE","French",2022,25311973,3.25170642220024,6.135,60.398,17.477207007512,15433852712.2963,609.745147574878,0.403,11.9000000000277,4.01899997944743,121.746017087804,35.6100006103516,19.5,23.2982,NA,NA,68.3,361,NA,NA,99.5107362854154,63.3771
"Niger","NE","French",2023,26159867,3.29489175812772,6.061,61.183,17.7506873295237,16698786977.59,638.336080897887,0.407,1.66763406484279,3.48830909519184,126.251804508777,NA,20.1,23.1879,20.6873224974982,22.4026140214218,67.4,350,NA,NA,98.164041724651,65.735
"Niger","NE","French",2024,27032412,3.28101480132484,NA,NA,18.0497398450803,19876128485.7857,735.270255787226,0.376,10.3000000007793,7.87247038932333,137.70476217643,NA,NA,NA,19.5379934744263,20.1832867224742,NA,NA,NA,NA,96.8325672256489,NA
"Nigeria","NG","English",2014,185896915,2.64221399374699,5.622,51.94,54.9232435340404,574183763411.508,3088.72131316169,3.9,6.30971865525431,4.66262291733108,145.799165386817,NA,54.2,21,40.3631896972656,45.1165008544922,70.8,1155,NA,NA,90.092940117399,74.7513
"Nigeria","NG","English",2015,190671878,2.53617348598208,5.503,51.939,55.7325682057138,493026682800.63,2585.73360671797,4.134,2.65269329543001,2.86366512298946,158.934846393837,NA,52.5,22.5,41.8675918579102,45.713550567627,70.2,1168,35.8,35.9,89.7206263682148,79.1045
"Nigeria","NG","English",2016,195443700,2.47183239057048,5.343,52.189,56.541038793347,404649125252.16,2070.4127339595,4.499,-1.61686894906509,9.54367006412453,183.882551450038,58.2200012207031,59.3,24.1,37.2762603759766,41.2664489746094,69.5,1155,NA,NA,89.0622854601106,78.9701
"Nigeria","NG","English",2017,200254579,2.43170936923065,5.182,52.397,57.3486345560101,375745731053.427,1876.34027111773,4.83,0.805886619102438,11.1189180817697,214.227339611353,NA,54.4,25.9,NA,NA,68.6,1142,NA,NA,88.1255756898501,72.368
"Nigeria","NG","English",2018,204938755,2.31217263003389,5.021,52.669,58.1553347527729,421739251509.08,2057.87944554011,5.069,1.92275734200614,10.2284850865892,240.138364526616,NA,56.5,27.7,39.4427909851074,41.4976615905762,67.4,1118,34.2,35.1,87.0562828519935,84.284
"Nigeria","NG","English",2019,209485641,2.1944019229433,4.861,53.009,58.9611186427056,668219992691.462,3189.81286498516,5.206,2.20842927714892,55.4448840564536,267.505546743183,NA,55.4,29.7,NA,NA,66.1,1091,NA,NA,85.8794318634782,88.1169
"Nigeria","NG","English",2020,213996181,2.13029714344341,4.7,53.072,59.7659654848781,598586817819.073,2797.18458068686,5.714,-6.36889840510109,11.2524842438544,302.939394135074,NA,55.4,31.8888,43.9140815734863,44.3227310180664,64.7,1065,NA,NA,84.5258373117038,95.4357
"Nigeria","NG","English",2021,218529286,2.09618685225463,4.636,53.455,60.5698545383604,609147716972.859,2787.48779224428,5.404,1.10925253938163,12.6369125111241,354.296242254442,63.1599998474121,59.5,35.5098,45.1787605285645,45.7016181945801,63.2,1046,NA,NA,83.1000083234404,89.2916
"Nigeria","NG","English",2022,223150896,2.09281687128387,4.552,54.079,61.3727650622225,646950257577.814,2899.16047470324,3.827,4.31882949523192,8.04664948506526,421.071120344952,NA,60.5,37.6975,NA,NA,61.6,1016,41.8,33.9,81.687287853566,99.5852
"Nigeria","NG","English",2023,227882945,2.09838916935738,4.482,54.462,62.1746763155343,487387801880.597,2138.76383719983,3.074,3.32684556421316,10.822580640136,524.905364657231,NA,61.2,39.2136,47.4061508178711,46.3985900878906,60.1,993,NA,NA,80.2464063402127,98.4773
"Nigeria","NG","English",2024,232679478,2.08297776184189,NA,NA,62.9755675573659,252261880141.151,1084.16041805436,3.045,4.06236408888319,14.0897252806009,699.394913321456,70.4100036621094,NA,NA,NA,NA,NA,NA,NA,NA,78.7709744526654,NA
"Senegal","SN","French",2014,14152102,3.16757470346908,4.884,66.001,45.6020905341588,19797253440.2679,1398.89137601382,5.849,6.22407443790986,-1.51585973451603,104.46308699624,NA,61,17.7,50.5133794878854,50.5800108749174,37.9,373,NA,NA,85.5824022152232,101.608
"Senegal","SN","French",2015,14593331,3.07014792428801,4.751,66.451,46.2747669629858,17774766696.1759,1218.00613555438,6.757,6.36704365066983,1.06978461964601,104.604333556103,43.5900001525879,60.5,21.7,NA,NA,37.3,357,NA,NA,84.8018050977194,102.509
"Senegal","SN","French",2016,15034521,2.97843134010735,4.648,66.724,47.0553579909929,19040312333.1864,1266.43957151587,4.455,6.35606857181878,0.955649520089025,105.48016989023,46.0999984741211,64.5,25.6648,NA,NA,36.9,345,NA,NA,83.8342155048284,101.011
"Senegal","SN","French",2017,15475002,2.88769908740551,4.489,67.059,47.9338349639053,20996562943.5979,1356.80518449031,4.078,7.4074861863013,0.598916826886537,106.870560070658,51.9000015258789,61.7,29.6431,NA,NA,36.4,325,NA,NA,82.6634749255329,101.831
"Senegal","SN","French",2018,15914498,2.8004569855314,4.294,67.379,48.9001692274485,23116701556.1381,1452.55612562445,3.453,6.20924103389086,-0.839644464738328,107.363218008605,46.6100006103516,66,35.3,NA,NA,35.7,305,19.1,38.3,81.285092700946,104.056
"Senegal","SN","French",2019,16352922,2.71760793051867,4.1,67.668,49.9443321273477,23403995992.1354,1431.18128932159,2.863,4.61362809749708,2.08580185181253,109.252930368352,46.8300018310547,70.4,43.4,47.6122826558931,41.4170491578855,34.9,286,NA,NA,79.7592228578564,109.342
"Senegal","SN","French",2020,16789219,2.63303572524896,4.003,67.496,51.0562950093282,24530513037.7518,1461.08720350553,3.432,1.3420737726679,1.60273383045899,112.031392832995,NA,64.3,53.3088,48.7408134468399,40.9955546290288,33.9,252,NA,NA,78.1214558387831,113.638
"Senegal","SN","French",2021,17220867,2.53848919398481,3.936,66.868,52.2260292191155,27520784129.7508,1598.10676952274,3.436,6.54400109964304,1.44730627584974,114.474038812672,NA,68,57.2554,50.1069716907194,40.4848957997564,32.7,263,17.9,36.2,76.3835914170458,115.325
"Senegal","SN","French",2022,17651103,2.46764281803509,3.864,67.788,53.4435061024348,27783332222.6759,1574.0281059306,2.837,3.85043193735768,9.34702182614319,125.574379147807,NA,67.9,59.2246,51.0293572947889,40.0548293824127,31.4,228,NA,NA,74.5922709423436,118.15
"Senegal","SN","French",2023,18077573,2.38738348832592,3.818,68.683,54.6992276190794,30696331295.7826,1698.03387300843,2.784,4.2574308328029,3.05250609372929,133.032841755522,50.3600006103516,74.2,60.6122,50.2150531512901,38.3339240039236,30.2,237,NA,NA,73.0702280774448,123.912
"Senegal","SN","French",2024,18501984,2.32058603495657,NA,NA,55.2368169057304,32808056600.9436,1773.21829923448,2.788,6.06055141198976,0.734774258910974,134.103095355923,NA,NA,NA,NA,NA,NA,NA,NA,NA,71.8215628365833,NA
"Sierra Leone","SL","English",2014,6876385,2.38905832119365,4.703,54.281,40.3272406886245,7686138790.90872,1117.7586465721,4.678,-7.81501512457241,16.0449126765692,125.686955139246,44.3441779768036,18.8,6.0573,NA,NA,77.7,821,NA,NA,83.1094211925305,69.1759
"Sierra Leone","SL","English",2015,7037655,2.31819402812025,4.548,55.454,40.7669565187099,6788352974.78329,964.575980888989,4.483,-4.36333262093788,3.61332477392402,134.094703092292,49.4000015258789,19.7,6.34442,37.5164985656738,42.1441307067871,76.9,730,NA,NA,81.7770077231895,80.3819
"Sierra Leone","SL","English",2016,7205328,2.35457342669593,4.466,56.937,41.229411538771,6084297211.10217,844.416411175476,4.182,6.43743652764257,4.34616383662868,148.692334190095,NA,20.3,11.7732,40.7735595703125,43.4828605651855,71.3,633,NA,NA,80.429374818765,87.1476
"Sierra Leone","SL","English",2017,7379299,2.38578952940087,4.389,57.761,41.7106682105058,5749846528.48046,779.186007841728,3.656,3.20786087715987,7.49880792881387,175.786321842126,44.8300018310547,23.4,13.2369,41.1011695861816,41.9543914794922,68.8,578,NA,NA,79.0717330500269,89.7782
"Sierra Leone","SL","English",2018,7554563,2.34731039123252,4.294,59.059,42.2011025267803,6390514688.52816,845.914540460932,3.192,2.8938564123677,16.0207318007809,203.964069000238,48.8216576787275,26.1,14.4223,42.5191192626953,43.7095108032227,66.3,491,41.5,35.7,77.7298523709784,84.1233
"Sierra Leone","SL","English",2019,7731991,2.32146457882717,4.192,59.593,42.7018444914441,6523577594.29408,843.712517809977,3.204,5.50270937378153,9.91558341426423,234.160947560879,43.5800018310547,22.7,15.7137,60.979808807373,61.4127082824707,64.1,464,NA,NA,76.4806176920907,87.0384
"Sierra Leone","SL","English",2020,7912558,2.30847202655897,4.08,59.694,43.2129659123546,6688307703.1447,845.277557920549,3.509,-1.2533490322766,13.2720829194961,265.648268369591,NA,26.3,17.1208,62.9357109069824,62.1916999816895,61.9,422,NA,NA,75.2912582751821,87.0035
"Sierra Leone","SL","English",2021,8094602,2.27463021517533,3.978,60.26,43.7345385973699,7166931485.49433,885.396401885395,3.551,5.8968527047094,7.46331677333814,297.191234531916,NA,27.5,18.6539,74.4143295288086,72.4505081176758,60,403,NA,NA,74.0851904590161,101.637
"Sierra Leone","SL","English",2022,8276807,2.22598462352813,3.876,61.275,44.2666343543487,7121125277.52542,860.371067916096,3.137,5.3135546141915,26.9574530937472,378.051882667797,NA,29.4,19.2287,NA,NA,58,370,NA,NA,72.8656793787969,107.882
"Sierra Leone","SL","English",2023,8460512,2.19524258771884,3.791,61.786,44.809324991151,6415852766.73832,758.329137378248,3.092,5.7100218981806,29.2602264523414,558.166662231195,NA,35.5,20.635,91.7119293212891,82.1666793823242,56.2,354,NA,NA,71.6396127509545,NA
"Sierra Leone","SL","English",2024,8642022,2.1226891332086,NA,NA,45.3626823156371,6971127235.3123,806.654650417726,3.103,4.29322336690163,10.4508135043001,717.990708885698,NA,NA,NA,NA,NA,NA,NA,NA,NA,70.4490063510929,NA
"Togo","TG","French",2014,7472450,2.53448135308774,4.702,58.766,39.2839506458368,6393314707.85456,855.584809246574,2.141,5.63323739145223,0.479878463169484,108.378170652492,NA,45.7,5.7,NA,NA,46.8,490,NA,NA,79.7250507009625,60.4369
"Togo","TG","French",2015,7663195,2.52060746648904,4.662,59.22,39.7162551272934,5755457836.01866,751.051987587248,2.204,5.4680413807304,2.2027014975329,111.179750599295,63.75,44.7,7.12,NA,NA,45.4,470,61.5,43,79.5447229064934,63.3575
"Togo","TG","French",2016,7858289,2.51398996486491,4.634,59.669,40.1485878279739,6071167584.1951,772.581357620609,2.968,4.21490387414525,1.45775670689166,112.608909002895,NA,46.8,11.31,NA,NA,44,460,NA,NA,79.3296721728603,70.0588
"Togo","TG","French",2017,8057140,2.49897565726694,4.576,60.135,40.5809463430719,6387424239.8801,792.765700965864,3.744,4.00791259566937,-0.884659427232194,111.503213533868,60.9182911842179,48,12.3602,51.5055745468098,69.8502123410748,42.7,443,NA,NA,79.0530863064437,75.3357
"Togo","TG","French",2018,8258778,2.47179798610782,4.513,60.601,41.013328267781,7029215766.46367,851.120561233595,2.9,4.79518333086139,0.452907938254626,112.537690648103,NA,50,15.5,NA,NA,41.4,435,35.1,42.5,78.7144893095191,74.3997
"Togo","TG","French",2019,8463068,2.44351209316794,4.45,61.055,41.445731197295,6992654019.28876,826.255209019798,2.036,4.92283321360694,0.0125767477580467,113.296929295441,66.5400009155273,52.5,20.7273,NA,NA,40.2,416,NA,NA,78.3350096225957,73.7225
"Togo","TG","French",2020,8669720,2.41247393684318,4.386,61.123,41.8781527268075,7486031561.86885,863.468665870276,2.231,2.16228657424364,2.94317834624067,115.222166604613,NA,54.1,29.0237,NA,NA,39.1,398,NA,NA,77.8578289317394,75.164
"Togo","TG","French",2021,8878379,2.37825002957617,4.324,61.328,42.3105904515122,8541668141.26198,962.075187515872,2.344,5.12890113701732,4.56449991919597,120.045614301505,NA,55.7,30.3384,56.962123807999,69.0386104398508,38,397,34.4,37.9,77.2351069393817,70.4497
"Togo","TG","French",2022,9089738,2.35270895960531,4.253,62.29,42.7332327975627,8646453099.4124,951.232378690387,1.965,6.29443692019429,7.12146367434005,129.610336993973,72.5999984741211,57.2,35.5105,NA,NA,36.9,362,NA,NA,76.4675916371753,72.2148
"Togo","TG","French",2023,9304337,2.33345506489111,4.192,62.739,43.2496853032436,9816236302.58515,1055.01727877926,1.942,6.19211576941919,3.9628497528372,136.725018664212,NA,59.2,37.0223,59.0849653049812,67.6578300306738,35.9,349,NA,NA,75.5812237552942,75.7907
"Togo","TG","French",2024,9515236,2.2413667842624,NA,NA,43.8148491605996,10651180146.531,1119.38160509429,1.948,6.53204505563791,1.81499111122012,140.63893740649,NA,NA,NA,NA,NA,NA,NA,NA,NA,74.6397124343511,NA
